{
  "external_source": "/Users/uditagarwal/Code/Brain_Tumor_Classificatioin/data/external",
  "n_images": 253,
  "folders_seen": [
    "no",
    "yes"
  ],
  "note": "Out-of-distribution evaluation; a large drop from the in-distribution 99.844% is expected and is the honest generalisation signal.",
  "binary_collapse": {
    "n": 253,
    "accuracy": 0.7233201581027668,
    "report": {
      "no_tumor": {
        "precision": 0.5833333333333334,
        "recall": 1.0,
        "f1-score": 0.7368421052631579,
        "support": 98.0
      },
      "tumor": {
        "precision": 1.0,
        "recall": 0.5483870967741935,
        "f1-score": 0.7083333333333334,
        "support": 155.0
      },
      "accuracy": 0.7233201581027668,
      "macro avg": {
        "precision": 0.7916666666666667,
        "recall": 0.7741935483870968,
        "f1-score": 0.7225877192982456,
        "support": 253.0
      },
      "weighted avg": {
        "precision": 0.8386034255599474,
        "recall": 0.7233201581027668,
        "f1-score": 0.7193762568476527,
        "support": 253.0
      }
    },
    "confusion_matrix": [
      [
        98,
        0
      ],
      [
        70,
        85
      ]
    ]
  }
}