{
  "loss": [
    18.970903396606445,
    12.259676933288574,
    8.872003555297852,
    6.474830150604248,
    4.753136157989502,
    3.4388208389282227,
    2.489999294281006,
    1.810614824295044,
    1.3371379375457764,
    1.0522786378860474,
    0.8519063591957092,
    0.7357767224311829,
    0.6424382925033569,
    0.5509975552558899,
    0.5248674750328064,
    0.529849112033844,
    0.5364192724227905,
    0.5170204639434814,
    0.5424611568450928,
    0.5533028244972229
  ],
  "accuracy": [
    0.7373595237731934,
    0.8044241666793823,
    0.8595505356788635,
    0.8771067261695862,
    0.8837780952453613,
    0.9055477380752563,
    0.923103928565979,
    0.9290730357170105,
    0.944522500038147,
    0.9452247023582458,
    0.9459269642829895,
    0.9490870833396912,
    0.9641854166984558,
    0.9715589880943298,
    0.9680477380752563,
    0.9676966071128845,
    0.9775280952453613,
    0.9733145833015442,
    0.9729635119438171,
    0.9722612500190735
  ],
  "val_loss": [
    16.066926956176758,
    10.970510482788086,
    7.939759254455566,
    5.849165916442871,
    4.279055595397949,
    3.1334030628204346,
    2.3574671745300293,
    1.8345953226089478,
    1.3790680170059204,
    1.4301323890686035,
    1.0921443700790405,
    0.9782242774963379,
    0.911715030670166,
    0.8172351717948914,
    0.9045912623405457,
    1.0316460132598877,
    0.8452264666557312,
    0.8742081522941589,
    0.9223505854606628,
    0.9210180044174194
  ],
  "val_accuracy": [
    0.5953124761581421,
    0.5249999761581421,
    0.640625,
    0.6875,
    0.7828124761581421,
    0.8031250238418579,
    0.7749999761581421,
    0.7749999761581421,
    0.8296874761581421,
    0.7281249761581421,
    0.815625011920929,
    0.828125,
    0.8296874761581421,
    0.8359375,
    0.807812511920929,
    0.770312488079071,
    0.839062511920929,
    0.839062511920929,
    0.831250011920929,
    0.8687499761581421
  ],
  "lr": [
    0.0010000000474974513,
    0.0010000000474974513,
    0.0010000000474974513,
    0.0010000000474974513,
    0.0010000000474974513,
    0.0010000000474974513,
    0.0010000000474974513,
    0.0010000000474974513,
    0.0010000000474974513,
    0.0010000000474974513,
    0.0010000000474974513,
    0.0010000000474974513,
    0.0010000000474974513,
    0.0010000000474974513,
    0.0010000000474974513,
    0.0010000000474974513,
    0.0010000000474974513,
    0.0010000000474974513,
    0.0010000000474974513,
    0.0010000000474974513
  ]
}